"[[6, 1], [6, 3], [4, 3]]",MOVE SLOW RIGHT,"[[6, 2], [5, 3], [3, 3]]","[-1.0, 0.0, 0.0]",False,"[[2, 2], [2, 5], [4, 1]]"
"[[6, 2], [5, 3], [3, 3]]",MOVE FAST FORWARD,"[[4, 2], [4, 3], [2, 3]]","[-1.0, 0.0, 0.0]",False,"[[2, 2], [2, 5], [4, 1]]"
"[[4, 2], [4, 3], [2, 3]]",MOVE FAST FORWARD,"[[2, 2], [3, 3], [1, 3]]","[-1.0, -10.0, 0.0]",False,"[[2, 2], [2, 5], [4, 1]]"
"[[2, 2], [3, 3], [1, 3]]",MOVE FAST RIGHT,"[[2, 4], [7, 4], [0, 3]]","[-1.0, 0.0, -10.0]",False,"[[2, 2], [2, 5], [4, 1]]"
"[[2, 4], [7, 4], [0, 3]]",MOVE FAST RIGHT,"[[2, 6], [7, 4], [0, 2]]","[14.0, -10.0, 0.0]",True,"[[2, 2], [2, 5], [4, 1]]"
"[[6, 1], [6, 3], [4, 3]]",MOVE SLOW RIGHT,"[[6, 2], [5, 3], [3, 3]]","[-1.0, 0.0, 0.0]",False,"[[2, 2], [2, 5], [4, 1]]"
"[[6, 2], [5, 3], [3, 3]]",MOVE FAST FORWARD,"[[4, 2], [4, 3], [3, 2]]","[-1.0, 0.0, 0.0]",False,"[[2, 2], [2, 5], [4, 1]]"
"[[4, 2], [4, 3], [3, 2]]",MOVE FAST FORWARD,"[[2, 2], [3, 3], [3, 1]]","[-1.0, -10.0, -3.0]",False,"[[2, 2], [2, 5], [4, 1]]"
"[[2, 2], [3, 3], [3, 1]]",MOVE FAST RIGHT,"[[2, 4], [7, 4], [3, 0]]","[-1.0, 0.0, -10.0]",False,"[[2, 2], [2, 5], [4, 1]]"
"[[2, 4], [7, 4], [3, 0]]",MOVE FAST RIGHT,"[[2, 6], [7, 4], [4, 0]]","[14.0, -10.0, 0.0]",True,"[[2, 2], [2, 5], [4, 1]]"
"[[6, 1], [6, 3], [4, 3]]",MOVE SLOW RIGHT,"[[6, 2], [5, 3], [3, 3]]","[-1.0, 0.0, 0.0]",False,"[[2, 2], [2, 5], [4, 1]]"
"[[6, 2], [5, 3], [3, 3]]",MOVE FAST FORWARD,"[[4, 2], [5, 3], [2, 3]]","[-1.0, 0.0, 0.0]",False,"[[2, 2], [2, 5], [4, 1]]"
"[[4, 2], [5, 3], [2, 3]]",MOVE FAST FORWARD,"[[2, 2], [5, 3], [1, 3]]","[-1.0, -10.0, 0.0]",False,"[[2, 2], [2, 5], [4, 1]]"
"[[2, 2], [5, 3], [1, 3]]",MOVE FAST RIGHT,"[[2, 4], [4, 3], [0, 3]]","[-1.0, 0.0, 0.0]",False,"[[2, 2], [2, 5], [4, 1]]"
"[[2, 4], [4, 3], [0, 3]]",MOVE FAST RIGHT,"[[2, 6], [3, 3], [0, 2]]","[14.0, -10.0, 0.0]",True,"[[2, 2], [2, 5], [4, 1]]"
"[[6, 1], [6, 3], [4, 3]]",MOVE SLOW RIGHT,"[[6, 2], [5, 3], [3, 3]]","[-1.0, 0.0, 0.0]",False,"[[2, 2], [2, 5], [4, 1]]"
"[[6, 2], [5, 3], [3, 3]]",MOVE FAST FORWARD,"[[4, 2], [4, 3], [3, 2]]","[-1.0, 0.0, 0.0]",False,"[[2, 2], [2, 5], [4, 1]]"
"[[4, 2], [4, 3], [3, 2]]",MOVE FAST FORWARD,"[[2, 2], [3, 3], [3, 1]]","[-1.0, -10.0, -3.0]",False,"[[2, 2], [2, 5], [4, 1]]"
"[[2, 2], [3, 3], [3, 1]]",MOVE FAST RIGHT,"[[2, 4], [7, 4], [3, 0]]","[-1.0, 0.0, -10.0]",False,"[[2, 2], [2, 5], [4, 1]]"
"[[2, 4], [7, 4], [3, 0]]",MOVE FAST RIGHT,"[[2, 6], [7, 4], [4, 0]]","[14.0, -10.0, 0.0]",True,"[[2, 2], [2, 5], [4, 1]]"
"[[6, 1], [6, 3], [4, 3]]",MOVE SLOW RIGHT,"[[6, 2], [5, 3], [3, 3]]","[-1.0, 0.0, 0.0]",False,"[[2, 2], [2, 5], [4, 1]]"
"[[6, 2], [5, 3], [3, 3]]",MOVE FAST FORWARD,"[[4, 2], [4, 3], [2, 3]]","[-1.0, 0.0, 0.0]",False,"[[2, 2], [2, 5], [4, 1]]"
"[[4, 2], [4, 3], [2, 3]]",MOVE FAST FORWARD,"[[2, 2], [3, 3], [1, 3]]","[-1.0, -10.0, 0.0]",False,"[[2, 2], [2, 5], [4, 1]]"
"[[2, 2], [3, 3], [1, 3]]",MOVE FAST RIGHT,"[[2, 4], [3, 2], [0, 3]]","[-1.0, 0.0, 0.0]",False,"[[2, 2], [2, 5], [4, 1]]"
"[[2, 4], [3, 2], [0, 3]]",MOVE FAST RIGHT,"[[2, 6], [3, 1], [0, 2]]","[14.0, -10.0, 0.0]",True,"[[2, 2], [2, 5], [4, 1]]"
"[[6, 1], [6, 3], [4, 3]]",MOVE SLOW RIGHT,"[[6, 2], [5, 3], [3, 3]]","[-1.0, 0.0, 0.0]",False,"[[2, 2], [2, 5], [4, 1]]"
"[[6, 2], [5, 3], [3, 3]]",MOVE FAST FORWARD,"[[4, 2], [4, 3], [2, 3]]","[-1.0, 0.0, 0.0]",False,"[[2, 2], [2, 5], [4, 1]]"
"[[4, 2], [4, 3], [2, 3]]",MOVE FAST FORWARD,"[[2, 2], [3, 3], [1, 3]]","[-1.0, -10.0, 0.0]",False,"[[2, 2], [2, 5], [4, 1]]"
"[[2, 2], [3, 3], [1, 3]]",MOVE FAST RIGHT,"[[2, 4], [3, 3], [0, 3]]","[-1.0, 0.0, 0.0]",False,"[[2, 2], [2, 5], [4, 1]]"
"[[2, 4], [3, 3], [0, 3]]",MOVE FAST RIGHT,"[[2, 6], [3, 2], [0, 2]]","[14.0, -10.0, 0.0]",True,"[[2, 2], [2, 5], [4, 1]]"
"[[6, 1], [6, 3], [4, 3]]",MOVE SLOW RIGHT,"[[6, 2], [5, 3], [3, 3]]","[-1.0, 0.0, 0.0]",False,"[[2, 2], [2, 5], [4, 1]]"
"[[6, 2], [5, 3], [3, 3]]",MOVE FAST FORWARD,"[[4, 2], [5, 3], [3, 2]]","[-1.0, 0.0, 0.0]",False,"[[2, 2], [2, 5], [4, 1]]"
"[[4, 2], [5, 3], [3, 2]]",MOVE FAST FORWARD,"[[2, 2], [5, 3], [3, 1]]","[-1.0, -10.0, -3.0]",False,"[[2, 2], [2, 5], [4, 1]]"
"[[2, 2], [5, 3], [3, 1]]",MOVE FAST RIGHT,"[[2, 4], [5, 3], [3, 0]]","[-1.0, 0.0, 0.0]",False,"[[2, 2], [2, 5], [4, 1]]"
"[[2, 4], [5, 3], [3, 0]]",MOVE FAST RIGHT,"[[2, 6], [5, 3], [4, 0]]","[14.0, -10.0, 0.0]",True,"[[2, 2], [2, 5], [4, 1]]"
"[[6, 1], [6, 3], [4, 3]]",MOVE SLOW RIGHT,"[[6, 2], [5, 3], [3, 3]]","[-1.0, 0.0, 0.0]",False,"[[2, 2], [2, 5], [4, 1]]"
"[[6, 2], [5, 3], [3, 3]]",MOVE FAST FORWARD,"[[4, 2], [5, 3], [3, 2]]","[-1.0, 0.0, 0.0]",False,"[[2, 2], [2, 5], [4, 1]]"
"[[4, 2], [5, 3], [3, 2]]",MOVE FAST FORWARD,"[[2, 2], [5, 3], [3, 1]]","[-1.0, -10.0, -3.0]",False,"[[2, 2], [2, 5], [4, 1]]"
"[[2, 2], [5, 3], [3, 1]]",MOVE FAST RIGHT,"[[2, 4], [5, 3], [3, 0]]","[-1.0, 0.0, 0.0]",False,"[[2, 2], [2, 5], [4, 1]]"
"[[2, 4], [5, 3], [3, 0]]",MOVE FAST RIGHT,"[[2, 6], [5, 3], [4, 0]]","[14.0, -10.0, 0.0]",True,"[[2, 2], [2, 5], [4, 1]]"
"[[6, 1], [6, 3], [4, 3]]",MOVE SLOW RIGHT,"[[6, 2], [5, 3], [3, 3]]","[-1.0, 0.0, 0.0]",False,"[[2, 2], [2, 5], [4, 1]]"
"[[6, 2], [5, 3], [3, 3]]",MOVE FAST FORWARD,"[[4, 2], [4, 3], [3, 3]]","[-1.0, 0.0, 0.0]",False,"[[2, 2], [2, 5], [4, 1]]"
"[[4, 2], [4, 3], [3, 3]]",MOVE FAST FORWARD,"[[2, 2], [3, 3], [3, 3]]","[-1.0, -10.0, 0.0]",False,"[[2, 2], [2, 5], [4, 1]]"
"[[2, 2], [3, 3], [3, 3]]",MOVE FAST RIGHT,"[[2, 4], [3, 3], [3, 2]]","[-1.0, 0.0, 0.0]",False,"[[2, 2], [2, 5], [4, 1]]"
"[[2, 4], [3, 3], [3, 2]]",MOVE FAST RIGHT,"[[2, 6], [3, 2], [3, 1]]","[14.0, -10.0, 0.0]",True,"[[2, 2], [2, 5], [4, 1]]"
"[[6, 1], [6, 3], [4, 3]]",MOVE SLOW RIGHT,"[[6, 2], [5, 3], [3, 3]]","[-1.0, 0.0, 0.0]",False,"[[2, 2], [2, 5], [4, 1]]"
"[[6, 2], [5, 3], [3, 3]]",MOVE FAST FORWARD,"[[4, 2], [5, 3], [3, 2]]","[-1.0, 0.0, 0.0]",False,"[[2, 2], [2, 5], [4, 1]]"
"[[4, 2], [5, 3], [3, 2]]",MOVE FAST FORWARD,"[[2, 2], [4, 3], [3, 1]]","[-1.0, -10.0, -3.0]",False,"[[2, 2], [2, 5], [4, 1]]"
"[[2, 2], [4, 3], [3, 1]]",MOVE FAST RIGHT,"[[2, 4], [3, 3], [3, 0]]","[-1.0, 0.0, 0.0]",False,"[[2, 2], [2, 5], [4, 1]]"
"[[2, 4], [3, 3], [3, 0]]",MOVE FAST RIGHT,"[[2, 6], [4, 0], [2, 3]]","[14.0, -10.0, 0.0]",True,"[[2, 2], [2, 5], [4, 1]]"
"[[6, 1], [6, 3], [4, 3]]",MOVE SLOW RIGHT,"[[6, 2], [5, 3], [3, 3]]","[-1.0, 0.0, 0.0]",False,"[[2, 2], [2, 5], [4, 1]]"
"[[6, 2], [5, 3], [3, 3]]",MOVE FAST FORWARD,"[[4, 2], [4, 3], [2, 3]]","[-1.0, 0.0, 0.0]",False,"[[2, 2], [2, 5], [4, 1]]"
"[[4, 2], [4, 3], [2, 3]]",MOVE FAST FORWARD,"[[2, 2], [3, 3], [1, 3]]","[-1.0, -10.0, 0.0]",False,"[[2, 2], [2, 5], [4, 1]]"
"[[2, 2], [3, 3], [1, 3]]",MOVE FAST RIGHT,"[[2, 4], [3, 3], [0, 3]]","[-1.0, 0.0, 0.0]",False,"[[2, 2], [2, 5], [4, 1]]"
"[[2, 4], [3, 3], [0, 3]]",MOVE FAST RIGHT,"[[2, 6], [3, 3], [0, 2]]","[14.0, -10.0, 0.0]",True,"[[2, 2], [2, 5], [4, 1]]"
"[[6, 1], [6, 3], [4, 3]]",MOVE SLOW RIGHT,"[[6, 2], [5, 3], [3, 3]]","[-1.0, 0.0, 0.0]",False,"[[2, 2], [2, 5], [4, 1]]"
"[[6, 2], [5, 3], [3, 3]]",MOVE FAST FORWARD,"[[4, 2], [5, 3], [2, 3]]","[-1.0, 0.0, 0.0]",False,"[[2, 2], [2, 5], [4, 1]]"
"[[4, 2], [5, 3], [2, 3]]",MOVE FAST FORWARD,"[[2, 2], [4, 3], [1, 3]]","[-1.0, -10.0, 0.0]",False,"[[2, 2], [2, 5], [4, 1]]"
"[[2, 2], [4, 3], [1, 3]]",MOVE FAST RIGHT,"[[2, 4], [3, 3], [0, 3]]","[-1.0, 0.0, 0.0]",False,"[[2, 2], [2, 5], [4, 1]]"
"[[2, 4], [3, 3], [0, 3]]",MOVE FAST RIGHT,"[[2, 6], [2, 3], [0, 2]]","[14.0, -10.0, 0.0]",True,"[[2, 2], [2, 5], [4, 1]]"
"[[6, 1], [6, 3], [4, 3]]",MOVE SLOW RIGHT,"[[6, 2], [5, 3], [3, 3]]","[-1.0, 0.0, 0.0]",False,"[[2, 2], [2, 5], [4, 1]]"
"[[6, 2], [5, 3], [3, 3]]",MOVE FAST FORWARD,"[[4, 2], [4, 3], [3, 2]]","[-1.0, 0.0, 0.0]",False,"[[2, 2], [2, 5], [4, 1]]"
"[[4, 2], [4, 3], [3, 2]]",MOVE FAST FORWARD,"[[2, 2], [3, 3], [3, 1]]","[-1.0, -10.0, -3.0]",False,"[[2, 2], [2, 5], [4, 1]]"
"[[2, 2], [3, 3], [3, 1]]",MOVE FAST RIGHT,"[[2, 4], [3, 2], [3, 0]]","[-1.0, 0.0, 0.0]",False,"[[2, 2], [2, 5], [4, 1]]"
"[[2, 4], [3, 2], [3, 0]]",MOVE FAST RIGHT,"[[2, 6], [4, 0], [3, 1]]","[14.0, -10.0, 0.0]",True,"[[2, 2], [2, 5], [4, 1]]"
"[[6, 1], [6, 3], [4, 3]]",MOVE SLOW RIGHT,"[[6, 2], [5, 3], [3, 3]]","[-1.0, 0.0, 0.0]",False,"[[2, 2], [2, 5], [4, 1]]"
"[[6, 2], [5, 3], [3, 3]]",MOVE FAST FORWARD,"[[4, 2], [4, 3], [2, 3]]","[-1.0, 0.0, 0.0]",False,"[[2, 2], [2, 5], [4, 1]]"
"[[4, 2], [4, 3], [2, 3]]",MOVE FAST FORWARD,"[[2, 2], [3, 3], [1, 3]]","[-1.0, -10.0, 0.0]",False,"[[2, 2], [2, 5], [4, 1]]"
"[[2, 2], [3, 3], [1, 3]]",MOVE FAST RIGHT,"[[2, 4], [7, 4], [0, 3]]","[-1.0, 0.0, -10.0]",False,"[[2, 2], [2, 5], [4, 1]]"
"[[2, 4], [7, 4], [0, 3]]",MOVE FAST RIGHT,"[[2, 6], [7, 4], [0, 2]]","[14.0, -10.0, 0.0]",True,"[[2, 2], [2, 5], [4, 1]]"
"[[6, 1], [6, 3], [4, 3]]",MOVE SLOW RIGHT,"[[6, 2], [5, 3], [3, 3]]","[-1.0, 0.0, 0.0]",False,"[[2, 2], [2, 5], [4, 1]]"
"[[6, 2], [5, 3], [3, 3]]",MOVE FAST FORWARD,"[[4, 2], [5, 3], [3, 3]]","[-1.0, 0.0, 0.0]",False,"[[2, 2], [2, 5], [4, 1]]"
"[[4, 2], [5, 3], [3, 3]]",MOVE FAST FORWARD,"[[2, 2], [5, 3], [2, 3]]","[-1.0, -10.0, 0.0]",False,"[[2, 2], [2, 5], [4, 1]]"
"[[2, 2], [5, 3], [2, 3]]",MOVE FAST RIGHT,"[[2, 4], [5, 3], [1, 3]]","[-1.0, 0.0, -3.0]",False,"[[2, 2], [2, 5], [4, 1]]"
"[[2, 4], [5, 3], [1, 3]]",MOVE FAST RIGHT,"[[2, 6], [5, 3], [0, 3]]","[14.0, -10.0, 0.0]",True,"[[2, 2], [2, 5], [4, 1]]"
"[[6, 1], [6, 3], [4, 3]]",MOVE SLOW RIGHT,"[[6, 2], [5, 3], [3, 3]]","[-1.0, 0.0, 0.0]",False,"[[2, 2], [2, 5], [4, 1]]"
"[[6, 2], [5, 3], [3, 3]]",MOVE FAST FORWARD,"[[4, 2], [5, 3], [3, 3]]","[-1.0, 0.0, 0.0]",False,"[[2, 2], [2, 5], [4, 1]]"
"[[4, 2], [5, 3], [3, 3]]",MOVE FAST FORWARD,"[[2, 2], [4, 3], [2, 3]]","[-1.0, -10.0, 0.0]",False,"[[2, 2], [2, 5], [4, 1]]"
"[[2, 2], [4, 3], [2, 3]]",MOVE FAST RIGHT,"[[2, 4], [3, 3], [1, 3]]","[-1.0, 0.0, -3.0]",False,"[[2, 2], [2, 5], [4, 1]]"
"[[2, 4], [3, 3], [1, 3]]",MOVE FAST RIGHT,"[[2, 6], [3, 2], [0, 3]]","[14.0, -10.0, 0.0]",True,"[[2, 2], [2, 5], [4, 1]]"
"[[6, 1], [6, 3], [4, 3]]",MOVE SLOW RIGHT,"[[6, 2], [5, 3], [3, 3]]","[-1.0, 0.0, 0.0]",False,"[[2, 2], [2, 5], [4, 1]]"
"[[6, 2], [5, 3], [3, 3]]",MOVE FAST FORWARD,"[[4, 2], [4, 3], [3, 3]]","[-1.0, 0.0, 0.0]",False,"[[2, 2], [2, 5], [4, 1]]"
"[[4, 2], [4, 3], [3, 3]]",MOVE FAST FORWARD,"[[2, 2], [3, 3], [2, 3]]","[-1.0, -10.0, 0.0]",False,"[[2, 2], [2, 5], [4, 1]]"
"[[2, 2], [3, 3], [2, 3]]",MOVE FAST RIGHT,"[[2, 4], [3, 3], [1, 3]]","[-1.0, 0.0, -3.0]",False,"[[2, 2], [2, 5], [4, 1]]"
"[[2, 4], [3, 3], [1, 3]]",MOVE FAST RIGHT,"[[2, 6], [3, 2], [0, 3]]","[14.0, -10.0, 0.0]",True,"[[2, 2], [2, 5], [4, 1]]"
"[[6, 1], [6, 3], [4, 3]]",MOVE SLOW RIGHT,"[[6, 2], [5, 3], [3, 3]]","[-1.0, 0.0, 0.0]",False,"[[2, 2], [2, 5], [4, 1]]"
"[[6, 2], [5, 3], [3, 3]]",MOVE FAST FORWARD,"[[4, 2], [5, 3], [3, 2]]","[-1.0, 0.0, 0.0]",False,"[[2, 2], [2, 5], [4, 1]]"
"[[4, 2], [5, 3], [3, 2]]",MOVE FAST FORWARD,"[[2, 2], [4, 3], [3, 1]]","[-1.0, -10.0, -3.0]",False,"[[2, 2], [2, 5], [4, 1]]"
"[[2, 2], [4, 3], [3, 1]]",MOVE FAST RIGHT,"[[2, 4], [3, 3], [3, 0]]","[-1.0, 0.0, 0.0]",False,"[[2, 2], [2, 5], [4, 1]]"
"[[2, 4], [3, 3], [3, 0]]",MOVE FAST RIGHT,"[[2, 6], [4, 0], [3, 2]]","[14.0, -10.0, 0.0]",True,"[[2, 2], [2, 5], [4, 1]]"
"[[6, 1], [6, 3], [4, 3]]",MOVE SLOW RIGHT,"[[6, 2], [5, 3], [3, 3]]","[-1.0, 0.0, 0.0]",False,"[[2, 2], [2, 5], [4, 1]]"
"[[6, 2], [5, 3], [3, 3]]",MOVE FAST FORWARD,"[[4, 2], [4, 3], [3, 2]]","[-1.0, 0.0, 0.0]",False,"[[2, 2], [2, 5], [4, 1]]"
"[[4, 2], [4, 3], [3, 2]]",MOVE FAST FORWARD,"[[2, 2], [3, 3], [3, 1]]","[-1.0, -10.0, -3.0]",False,"[[2, 2], [2, 5], [4, 1]]"
"[[2, 2], [3, 3], [3, 1]]",MOVE FAST RIGHT,"[[2, 4], [3, 3], [3, 0]]","[-1.0, 0.0, 0.0]",False,"[[2, 2], [2, 5], [4, 1]]"
"[[2, 4], [3, 3], [3, 0]]",MOVE FAST RIGHT,"[[2, 6], [4, 0], [3, 2]]","[14.0, -10.0, 0.0]",True,"[[2, 2], [2, 5], [4, 1]]"
"[[6, 1], [6, 3], [4, 3]]",MOVE SLOW RIGHT,"[[6, 2], [5, 3], [3, 3]]","[-1.0, 0.0, 0.0]",False,"[[2, 2], [2, 5], [4, 1]]"
"[[6, 2], [5, 3], [3, 3]]",MOVE FAST FORWARD,"[[4, 2], [4, 3], [2, 3]]","[-1.0, 0.0, 0.0]",False,"[[2, 2], [2, 5], [4, 1]]"
"[[4, 2], [4, 3], [2, 3]]",MOVE FAST FORWARD,"[[2, 2], [3, 3], [1, 3]]","[-1.0, -10.0, 0.0]",False,"[[2, 2], [2, 5], [4, 1]]"
"[[2, 2], [3, 3], [1, 3]]",MOVE FAST RIGHT,"[[2, 4], [3, 3], [0, 3]]","[-1.0, 0.0, 0.0]",False,"[[2, 2], [2, 5], [4, 1]]"
"[[2, 4], [3, 3], [0, 3]]",MOVE FAST RIGHT,"[[2, 6], [2, 3], [0, 2]]","[14.0, -10.0, 0.0]",True,"[[2, 2], [2, 5], [4, 1]]"
"[[6, 1], [6, 3], [4, 3]]",MOVE SLOW RIGHT,"[[6, 2], [5, 3], [3, 3]]","[-1.0, 0.0, 0.0]",False,"[[2, 2], [2, 5], [4, 1]]"
"[[6, 2], [5, 3], [3, 3]]",MOVE FAST FORWARD,"[[4, 2], [5, 3], [3, 3]]","[-1.0, 0.0, 0.0]",False,"[[2, 2], [2, 5], [4, 1]]"
"[[4, 2], [5, 3], [3, 3]]",MOVE FAST FORWARD,"[[2, 2], [5, 3], [2, 3]]","[-1.0, -10.0, 0.0]",False,"[[2, 2], [2, 5], [4, 1]]"
"[[2, 2], [5, 3], [2, 3]]",MOVE FAST RIGHT,"[[2, 4], [4, 3], [1, 3]]","[-1.0, 0.0, -3.0]",False,"[[2, 2], [2, 5], [4, 1]]"
"[[2, 4], [4, 3], [1, 3]]",MOVE FAST RIGHT,"[[2, 6], [3, 3], [0, 3]]","[14.0, -10.0, 0.0]",True,"[[2, 2], [2, 5], [4, 1]]"
"[[6, 1], [6, 3], [4, 3]]",MOVE SLOW RIGHT,"[[6, 2], [5, 3], [3, 3]]","[-1.0, 0.0, 0.0]",False,"[[2, 2], [2, 5], [4, 1]]"
"[[6, 2], [5, 3], [3, 3]]",MOVE FAST FORWARD,"[[4, 2], [4, 3], [3, 2]]","[-1.0, 0.0, 0.0]",False,"[[2, 2], [2, 5], [4, 1]]"
"[[4, 2], [4, 3], [3, 2]]",MOVE FAST FORWARD,"[[2, 2], [3, 3], [3, 1]]","[-1.0, -10.0, -3.0]",False,"[[2, 2], [2, 5], [4, 1]]"
"[[2, 2], [3, 3], [3, 1]]",MOVE FAST RIGHT,"[[2, 4], [3, 2], [3, 0]]","[-1.0, 0.0, 0.0]",False,"[[2, 2], [2, 5], [4, 1]]"
"[[2, 4], [3, 2], [3, 0]]",MOVE FAST RIGHT,"[[2, 6], [4, 0], [3, 1]]","[14.0, -10.0, 0.0]",True,"[[2, 2], [2, 5], [4, 1]]"
"[[6, 1], [6, 3], [4, 3]]",MOVE SLOW RIGHT,"[[6, 2], [5, 3], [3, 3]]","[-1.0, 0.0, 0.0]",False,"[[2, 2], [2, 5], [4, 1]]"
"[[6, 2], [5, 3], [3, 3]]",MOVE FAST FORWARD,"[[4, 2], [4, 3], [2, 3]]","[-1.0, 0.0, 0.0]",False,"[[2, 2], [2, 5], [4, 1]]"
"[[4, 2], [4, 3], [2, 3]]",MOVE FAST FORWARD,"[[2, 2], [3, 3], [1, 3]]","[-1.0, -10.0, 0.0]",False,"[[2, 2], [2, 5], [4, 1]]"
"[[2, 2], [3, 3], [1, 3]]",MOVE FAST RIGHT,"[[2, 4], [7, 4], [0, 3]]","[-1.0, 0.0, -10.0]",False,"[[2, 2], [2, 5], [4, 1]]"
"[[2, 4], [7, 4], [0, 3]]",MOVE FAST RIGHT,"[[2, 6], [7, 4], [0, 2]]","[14.0, -10.0, 0.0]",True,"[[2, 2], [2, 5], [4, 1]]"
"[[6, 1], [6, 3], [4, 3]]",MOVE SLOW RIGHT,"[[6, 2], [5, 3], [3, 3]]","[-1.0, 0.0, 0.0]",False,"[[2, 2], [2, 5], [4, 1]]"
"[[6, 2], [5, 3], [3, 3]]",MOVE FAST FORWARD,"[[4, 2], [4, 3], [2, 3]]","[-1.0, 0.0, 0.0]",False,"[[2, 2], [2, 5], [4, 1]]"
"[[4, 2], [4, 3], [2, 3]]",MOVE FAST FORWARD,"[[2, 2], [3, 3], [1, 3]]","[-1.0, -10.0, 0.0]",False,"[[2, 2], [2, 5], [4, 1]]"
"[[2, 2], [3, 3], [1, 3]]",MOVE FAST RIGHT,"[[2, 4], [3, 3], [0, 3]]","[-1.0, 0.0, 0.0]",False,"[[2, 2], [2, 5], [4, 1]]"
"[[2, 4], [3, 3], [0, 3]]",MOVE FAST RIGHT,"[[2, 6], [2, 3], [0, 2]]","[14.0, -10.0, 0.0]",True,"[[2, 2], [2, 5], [4, 1]]"
"[[6, 1], [6, 3], [4, 3]]",MOVE SLOW RIGHT,"[[6, 2], [5, 3], [3, 3]]","[-1.0, 0.0, 0.0]",False,"[[2, 2], [2, 5], [4, 1]]"
"[[6, 2], [5, 3], [3, 3]]",MOVE FAST FORWARD,"[[4, 2], [4, 3], [3, 3]]","[-1.0, 0.0, 0.0]",False,"[[2, 2], [2, 5], [4, 1]]"
"[[4, 2], [4, 3], [3, 3]]",MOVE FAST FORWARD,"[[2, 2], [7, 4], [3, 3]]","[-1.0, -10.0, -10.0]",False,"[[2, 2], [2, 5], [4, 1]]"
"[[2, 2], [7, 4], [3, 3]]",MOVE FAST RIGHT,"[[2, 4], [7, 4], [7, 4]]","[-1.0, 0.0, -10.0]",False,"[[2, 2], [2, 5], [4, 1]]"
"[[2, 4], [7, 4], [7, 4]]",MOVE FAST RIGHT,"[[2, 6], [7, 4], [7, 4]]","[14.0, -10.0, 0.0]",True,"[[2, 2], [2, 5], [4, 1]]"
"[[6, 1], [6, 3], [4, 3]]",MOVE SLOW RIGHT,"[[6, 2], [5, 3], [3, 3]]","[-1.0, 0.0, 0.0]",False,"[[2, 2], [2, 5], [4, 1]]"
"[[6, 2], [5, 3], [3, 3]]",MOVE FAST FORWARD,"[[4, 2], [5, 3], [2, 3]]","[-1.0, 0.0, 0.0]",False,"[[2, 2], [2, 5], [4, 1]]"
"[[4, 2], [5, 3], [2, 3]]",MOVE FAST FORWARD,"[[2, 2], [5, 3], [1, 3]]","[-1.0, -10.0, 0.0]",False,"[[2, 2], [2, 5], [4, 1]]"
"[[2, 2], [5, 3], [1, 3]]",MOVE FAST RIGHT,"[[2, 4], [4, 3], [0, 3]]","[-1.0, 0.0, 0.0]",False,"[[2, 2], [2, 5], [4, 1]]"
"[[2, 4], [4, 3], [0, 3]]",MOVE FAST RIGHT,"[[2, 6], [3, 3], [0, 2]]","[14.0, -10.0, 0.0]",True,"[[2, 2], [2, 5], [4, 1]]"
"[[6, 1], [6, 3], [4, 3]]",MOVE SLOW RIGHT,"[[6, 2], [5, 3], [3, 3]]","[-1.0, 0.0, 0.0]",False,"[[2, 2], [2, 5], [4, 1]]"
"[[6, 2], [5, 3], [3, 3]]",MOVE FAST FORWARD,"[[4, 2], [4, 3], [2, 3]]","[-1.0, 0.0, 0.0]",False,"[[2, 2], [2, 5], [4, 1]]"
"[[4, 2], [4, 3], [2, 3]]",MOVE FAST FORWARD,"[[2, 2], [3, 3], [1, 3]]","[-1.0, -10.0, 0.0]",False,"[[2, 2], [2, 5], [4, 1]]"
"[[2, 2], [3, 3], [1, 3]]",MOVE FAST RIGHT,"[[2, 4], [3, 2], [0, 3]]","[-1.0, 0.0, 0.0]",False,"[[2, 2], [2, 5], [4, 1]]"
"[[2, 4], [3, 2], [0, 3]]",MOVE FAST RIGHT,"[[2, 6], [3, 1], [0, 2]]","[14.0, -10.0, 0.0]",True,"[[2, 2], [2, 5], [4, 1]]"
"[[6, 1], [6, 3], [4, 3]]",MOVE SLOW RIGHT,"[[6, 2], [5, 3], [3, 3]]","[-1.0, 0.0, 0.0]",False,"[[2, 2], [2, 5], [4, 1]]"
"[[6, 2], [5, 3], [3, 3]]",MOVE FAST FORWARD,"[[4, 2], [5, 3], [3, 3]]","[-1.0, 0.0, 0.0]",False,"[[2, 2], [2, 5], [4, 1]]"
"[[4, 2], [5, 3], [3, 3]]",MOVE FAST FORWARD,"[[2, 2], [5, 3], [2, 3]]","[-1.0, -10.0, 0.0]",False,"[[2, 2], [2, 5], [4, 1]]"
"[[2, 2], [5, 3], [2, 3]]",MOVE FAST RIGHT,"[[2, 4], [4, 3], [1, 3]]","[-1.0, 0.0, -3.0]",False,"[[2, 2], [2, 5], [4, 1]]"
"[[2, 4], [4, 3], [1, 3]]",MOVE FAST RIGHT,"[[2, 6], [3, 3], [0, 3]]","[14.0, -10.0, 0.0]",True,"[[2, 2], [2, 5], [4, 1]]"
"[[6, 1], [6, 3], [4, 3]]",MOVE SLOW RIGHT,"[[6, 2], [5, 3], [3, 3]]","[-1.0, 0.0, 0.0]",False,"[[2, 2], [2, 5], [4, 1]]"
"[[6, 2], [5, 3], [3, 3]]",MOVE FAST FORWARD,"[[4, 2], [5, 3], [2, 3]]","[-1.0, 0.0, 0.0]",False,"[[2, 2], [2, 5], [4, 1]]"
"[[4, 2], [5, 3], [2, 3]]",MOVE FAST FORWARD,"[[2, 2], [4, 3], [1, 3]]","[-1.0, -10.0, 0.0]",False,"[[2, 2], [2, 5], [4, 1]]"
"[[2, 2], [4, 3], [1, 3]]",MOVE FAST RIGHT,"[[2, 4], [3, 3], [0, 3]]","[-1.0, 0.0, 0.0]",False,"[[2, 2], [2, 5], [4, 1]]"
"[[2, 4], [3, 3], [0, 3]]",MOVE FAST RIGHT,"[[2, 6], [3, 2], [0, 2]]","[14.0, -10.0, 0.0]",True,"[[2, 2], [2, 5], [4, 1]]"
"[[6, 1], [6, 3], [4, 3]]",MOVE SLOW RIGHT,"[[6, 2], [5, 3], [3, 3]]","[-1.0, 0.0, 0.0]",False,"[[2, 2], [2, 5], [4, 1]]"
"[[6, 2], [5, 3], [3, 3]]",MOVE FAST FORWARD,"[[4, 2], [4, 3], [3, 3]]","[-1.0, 0.0, 0.0]",False,"[[2, 2], [2, 5], [4, 1]]"
"[[4, 2], [4, 3], [3, 3]]",MOVE FAST FORWARD,"[[2, 2], [3, 3], [3, 3]]","[-1.0, -10.0, 0.0]",False,"[[2, 2], [2, 5], [4, 1]]"
"[[2, 2], [3, 3], [3, 3]]",MOVE FAST RIGHT,"[[2, 4], [3, 2], [3, 2]]","[-1.0, 0.0, 0.0]",False,"[[2, 2], [2, 5], [4, 1]]"
"[[2, 4], [3, 2], [3, 2]]",MOVE FAST RIGHT,"[[2, 6], [3, 1], [3, 1]]","[14.0, -10.0, 0.0]",True,"[[2, 2], [2, 5], [4, 1]]"
"[[6, 1], [6, 3], [4, 3]]",MOVE SLOW RIGHT,"[[6, 2], [5, 3], [3, 3]]","[-1.0, 0.0, 0.0]",False,"[[2, 2], [2, 5], [4, 1]]"
"[[6, 2], [5, 3], [3, 3]]",MOVE FAST FORWARD,"[[4, 2], [4, 3], [3, 2]]","[-1.0, 0.0, 0.0]",False,"[[2, 2], [2, 5], [4, 1]]"
"[[4, 2], [4, 3], [3, 2]]",MOVE FAST FORWARD,"[[2, 2], [3, 3], [3, 1]]","[-1.0, -10.0, -3.0]",False,"[[2, 2], [2, 5], [4, 1]]"
"[[2, 2], [3, 3], [3, 1]]",MOVE FAST RIGHT,"[[2, 4], [7, 4], [3, 0]]","[-1.0, 0.0, -10.0]",False,"[[2, 2], [2, 5], [4, 1]]"
"[[2, 4], [7, 4], [3, 0]]",MOVE FAST RIGHT,"[[2, 6], [7, 4], [4, 0]]","[14.0, -10.0, 0.0]",True,"[[2, 2], [2, 5], [4, 1]]"
"[[6, 1], [6, 3], [4, 3]]",MOVE SLOW RIGHT,"[[6, 2], [5, 3], [3, 3]]","[-1.0, 0.0, 0.0]",False,"[[2, 2], [2, 5], [4, 1]]"
"[[6, 2], [5, 3], [3, 3]]",MOVE FAST FORWARD,"[[4, 2], [5, 3], [2, 3]]","[-1.0, 0.0, 0.0]",False,"[[2, 2], [2, 5], [4, 1]]"
"[[4, 2], [5, 3], [2, 3]]",MOVE FAST FORWARD,"[[2, 2], [4, 3], [1, 3]]","[-1.0, -10.0, 0.0]",False,"[[2, 2], [2, 5], [4, 1]]"
"[[2, 2], [4, 3], [1, 3]]",MOVE FAST RIGHT,"[[2, 4], [3, 3], [0, 3]]","[-1.0, 0.0, 0.0]",False,"[[2, 2], [2, 5], [4, 1]]"
"[[2, 4], [3, 3], [0, 3]]",MOVE FAST RIGHT,"[[2, 6], [2, 3], [0, 2]]","[14.0, -10.0, 0.0]",True,"[[2, 2], [2, 5], [4, 1]]"
"[[6, 1], [6, 3], [4, 3]]",MOVE SLOW RIGHT,"[[6, 2], [5, 3], [3, 3]]","[-1.0, 0.0, 0.0]",False,"[[2, 2], [2, 5], [4, 1]]"
"[[6, 2], [5, 3], [3, 3]]",MOVE FAST FORWARD,"[[4, 2], [4, 3], [2, 3]]","[-1.0, 0.0, 0.0]",False,"[[2, 2], [2, 5], [4, 1]]"
"[[4, 2], [4, 3], [2, 3]]",MOVE FAST FORWARD,"[[2, 2], [3, 3], [1, 3]]","[-1.0, -10.0, 0.0]",False,"[[2, 2], [2, 5], [4, 1]]"
"[[2, 2], [3, 3], [1, 3]]",MOVE FAST RIGHT,"[[2, 4], [3, 3], [0, 3]]","[-1.0, 0.0, 0.0]",False,"[[2, 2], [2, 5], [4, 1]]"
"[[2, 4], [3, 3], [0, 3]]",MOVE FAST RIGHT,"[[2, 6], [3, 2], [0, 2]]","[14.0, -10.0, 0.0]",True,"[[2, 2], [2, 5], [4, 1]]"
"[[6, 1], [6, 3], [4, 3]]",MOVE SLOW RIGHT,"[[6, 2], [5, 3], [3, 3]]","[-1.0, 0.0, 0.0]",False,"[[2, 2], [2, 5], [4, 1]]"
"[[6, 2], [5, 3], [3, 3]]",MOVE FAST FORWARD,"[[4, 2], [4, 3], [2, 3]]","[-1.0, 0.0, 0.0]",False,"[[2, 2], [2, 5], [4, 1]]"
"[[4, 2], [4, 3], [2, 3]]",MOVE FAST FORWARD,"[[2, 2], [3, 3], [1, 3]]","[-1.0, -10.0, 0.0]",False,"[[2, 2], [2, 5], [4, 1]]"
"[[2, 2], [3, 3], [1, 3]]",MOVE FAST RIGHT,"[[2, 4], [7, 4], [0, 3]]","[-1.0, 0.0, -10.0]",False,"[[2, 2], [2, 5], [4, 1]]"
"[[2, 4], [7, 4], [0, 3]]",MOVE FAST RIGHT,"[[2, 6], [7, 4], [0, 2]]","[14.0, -10.0, 0.0]",True,"[[2, 2], [2, 5], [4, 1]]"
"[[6, 1], [6, 3], [4, 3]]",MOVE SLOW RIGHT,"[[6, 2], [5, 3], [3, 3]]","[-1.0, 0.0, 0.0]",False,"[[2, 2], [2, 5], [4, 1]]"
"[[6, 2], [5, 3], [3, 3]]",MOVE FAST FORWARD,"[[4, 2], [4, 3], [3, 3]]","[-1.0, 0.0, 0.0]",False,"[[2, 2], [2, 5], [4, 1]]"
"[[4, 2], [4, 3], [3, 3]]",MOVE FAST FORWARD,"[[2, 2], [3, 3], [3, 3]]","[-1.0, -10.0, 0.0]",False,"[[2, 2], [2, 5], [4, 1]]"
"[[2, 2], [3, 3], [3, 3]]",MOVE FAST RIGHT,"[[2, 4], [7, 4], [3, 3]]","[-1.0, 0.0, -10.0]",False,"[[2, 2], [2, 5], [4, 1]]"
"[[2, 4], [7, 4], [3, 3]]",MOVE FAST RIGHT,"[[2, 6], [7, 4], [3, 3]]","[14.0, -10.0, 0.0]",True,"[[2, 2], [2, 5], [4, 1]]"
"[[6, 1], [6, 3], [4, 3]]",MOVE SLOW RIGHT,"[[6, 2], [5, 3], [3, 3]]","[-1.0, 0.0, 0.0]",False,"[[2, 2], [2, 5], [4, 1]]"
"[[6, 2], [5, 3], [3, 3]]",MOVE FAST FORWARD,"[[4, 2], [5, 3], [3, 3]]","[-1.0, 0.0, 0.0]",False,"[[2, 2], [2, 5], [4, 1]]"
"[[4, 2], [5, 3], [3, 3]]",MOVE FAST FORWARD,"[[2, 2], [5, 3], [3, 3]]","[-1.0, -10.0, 0.0]",False,"[[2, 2], [2, 5], [4, 1]]"
"[[2, 2], [5, 3], [3, 3]]",MOVE FAST RIGHT,"[[2, 4], [7, 4], [4, 3]]","[-1.0, 0.0, -10.0]",False,"[[2, 2], [2, 5], [4, 1]]"
"[[2, 4], [7, 4], [4, 3]]",MOVE FAST RIGHT,"[[2, 6], [7, 4], [3, 3]]","[14.0, -10.0, 0.0]",True,"[[2, 2], [2, 5], [4, 1]]"
"[[6, 1], [6, 3], [4, 3]]",MOVE SLOW RIGHT,"[[6, 2], [5, 3], [3, 3]]","[-1.0, 0.0, 0.0]",False,"[[2, 2], [2, 5], [4, 1]]"
"[[6, 2], [5, 3], [3, 3]]",MOVE FAST FORWARD,"[[4, 2], [5, 3], [3, 3]]","[-1.0, 0.0, 0.0]",False,"[[2, 2], [2, 5], [4, 1]]"
"[[4, 2], [5, 3], [3, 3]]",MOVE FAST FORWARD,"[[2, 2], [4, 3], [3, 3]]","[-1.0, -10.0, 0.0]",False,"[[2, 2], [2, 5], [4, 1]]"
"[[2, 2], [4, 3], [3, 3]]",MOVE FAST RIGHT,"[[2, 4], [3, 3], [3, 2]]","[-1.0, 0.0, 0.0]",False,"[[2, 2], [2, 5], [4, 1]]"
"[[2, 4], [3, 3], [3, 2]]",MOVE FAST RIGHT,"[[2, 6], [3, 2], [3, 1]]","[14.0, -10.0, 0.0]",True,"[[2, 2], [2, 5], [4, 1]]"
"[[6, 1], [6, 3], [4, 3]]",MOVE SLOW RIGHT,"[[6, 2], [5, 3], [3, 3]]","[-1.0, 0.0, 0.0]",False,"[[2, 2], [2, 5], [4, 1]]"
"[[6, 2], [5, 3], [3, 3]]",MOVE FAST FORWARD,"[[4, 2], [4, 3], [3, 3]]","[-1.0, 0.0, 0.0]",False,"[[2, 2], [2, 5], [4, 1]]"
"[[4, 2], [4, 3], [3, 3]]",MOVE FAST FORWARD,"[[2, 2], [7, 4], [3, 3]]","[-1.0, -10.0, -10.0]",False,"[[2, 2], [2, 5], [4, 1]]"
"[[2, 2], [7, 4], [3, 3]]",MOVE FAST RIGHT,"[[2, 4], [7, 4], [7, 4]]","[-1.0, 0.0, -10.0]",False,"[[2, 2], [2, 5], [4, 1]]"
"[[2, 4], [7, 4], [7, 4]]",MOVE FAST RIGHT,"[[2, 6], [7, 4], [7, 4]]","[14.0, -10.0, 0.0]",True,"[[2, 2], [2, 5], [4, 1]]"
"[[6, 1], [6, 3], [4, 3]]",MOVE SLOW RIGHT,"[[6, 2], [5, 3], [3, 3]]","[-1.0, 0.0, 0.0]",False,"[[2, 2], [2, 5], [4, 1]]"
"[[6, 2], [5, 3], [3, 3]]",MOVE FAST FORWARD,"[[4, 2], [5, 3], [3, 2]]","[-1.0, 0.0, 0.0]",False,"[[2, 2], [2, 5], [4, 1]]"
"[[4, 2], [5, 3], [3, 2]]",MOVE FAST FORWARD,"[[2, 2], [5, 3], [3, 1]]","[-1.0, -10.0, -3.0]",False,"[[2, 2], [2, 5], [4, 1]]"
"[[2, 2], [5, 3], [3, 1]]",MOVE FAST RIGHT,"[[2, 4], [4, 3], [3, 0]]","[-1.0, 0.0, 0.0]",False,"[[2, 2], [2, 5], [4, 1]]"
"[[2, 4], [4, 3], [3, 0]]",MOVE FAST RIGHT,"[[2, 6], [4, 0], [3, 3]]","[14.0, -10.0, 0.0]",True,"[[2, 2], [2, 5], [4, 1]]"
"[[6, 1], [6, 3], [4, 3]]",MOVE SLOW RIGHT,"[[6, 2], [5, 3], [3, 3]]","[-1.0, 0.0, 0.0]",False,"[[2, 2], [2, 5], [4, 1]]"
"[[6, 2], [5, 3], [3, 3]]",MOVE FAST FORWARD,"[[4, 2], [5, 3], [3, 3]]","[-1.0, 0.0, 0.0]",False,"[[2, 2], [2, 5], [4, 1]]"
"[[4, 2], [5, 3], [3, 3]]",MOVE FAST FORWARD,"[[2, 2], [5, 3], [3, 3]]","[-1.0, -10.0, 0.0]",False,"[[2, 2], [2, 5], [4, 1]]"
"[[2, 2], [5, 3], [3, 3]]",MOVE FAST RIGHT,"[[2, 4], [7, 4], [4, 3]]","[-1.0, 0.0, -10.0]",False,"[[2, 2], [2, 5], [4, 1]]"
"[[2, 4], [7, 4], [4, 3]]",MOVE FAST RIGHT,"[[2, 6], [7, 4], [3, 3]]","[14.0, -10.0, 0.0]",True,"[[2, 2], [2, 5], [4, 1]]"
"[[6, 1], [6, 3], [4, 3]]",MOVE SLOW RIGHT,"[[6, 2], [5, 3], [3, 3]]","[-1.0, 0.0, 0.0]",False,"[[2, 2], [2, 5], [4, 1]]"
"[[6, 2], [5, 3], [3, 3]]",MOVE FAST FORWARD,"[[4, 2], [4, 3], [3, 2]]","[-1.0, 0.0, 0.0]",False,"[[2, 2], [2, 5], [4, 1]]"
"[[4, 2], [4, 3], [3, 2]]",MOVE FAST FORWARD,"[[2, 2], [3, 3], [3, 1]]","[-1.0, -10.0, -3.0]",False,"[[2, 2], [2, 5], [4, 1]]"
"[[2, 2], [3, 3], [3, 1]]",MOVE FAST RIGHT,"[[2, 4], [3, 3], [3, 0]]","[-1.0, 0.0, 0.0]",False,"[[2, 2], [2, 5], [4, 1]]"
"[[2, 4], [3, 3], [3, 0]]",MOVE FAST RIGHT,"[[2, 6], [4, 0], [2, 3]]","[14.0, -10.0, 0.0]",True,"[[2, 2], [2, 5], [4, 1]]"
"[[6, 1], [6, 3], [4, 3]]",MOVE SLOW RIGHT,"[[6, 2], [5, 3], [3, 3]]","[-1.0, 0.0, 0.0]",False,"[[2, 2], [2, 5], [4, 1]]"
"[[6, 2], [5, 3], [3, 3]]",MOVE FAST FORWARD,"[[4, 2], [4, 3], [3, 2]]","[-1.0, 0.0, 0.0]",False,"[[2, 2], [2, 5], [4, 1]]"
"[[4, 2], [4, 3], [3, 2]]",MOVE FAST FORWARD,"[[2, 2], [3, 3], [3, 1]]","[-1.0, -10.0, -3.0]",False,"[[2, 2], [2, 5], [4, 1]]"
"[[2, 2], [3, 3], [3, 1]]",MOVE FAST RIGHT,"[[2, 4], [3, 3], [3, 0]]","[-1.0, 0.0, 0.0]",False,"[[2, 2], [2, 5], [4, 1]]"
"[[2, 4], [3, 3], [3, 0]]",MOVE FAST RIGHT,"[[2, 6], [4, 0], [2, 3]]","[14.0, -10.0, 0.0]",True,"[[2, 2], [2, 5], [4, 1]]"
"[[6, 1], [6, 3], [4, 3]]",MOVE SLOW RIGHT,"[[6, 2], [5, 3], [3, 3]]","[-1.0, 0.0, 0.0]",False,"[[2, 2], [2, 5], [4, 1]]"
"[[6, 2], [5, 3], [3, 3]]",MOVE FAST FORWARD,"[[4, 2], [5, 3], [3, 3]]","[-1.0, 0.0, 0.0]",False,"[[2, 2], [2, 5], [4, 1]]"
"[[4, 2], [5, 3], [3, 3]]",MOVE FAST FORWARD,"[[2, 2], [5, 3], [2, 3]]","[-1.0, -10.0, 0.0]",False,"[[2, 2], [2, 5], [4, 1]]"
"[[2, 2], [5, 3], [2, 3]]",MOVE FAST RIGHT,"[[2, 4], [4, 3], [1, 3]]","[-1.0, 0.0, -3.0]",False,"[[2, 2], [2, 5], [4, 1]]"
"[[2, 4], [4, 3], [1, 3]]",MOVE FAST RIGHT,"[[2, 6], [3, 3], [0, 3]]","[14.0, -10.0, 0.0]",True,"[[2, 2], [2, 5], [4, 1]]"
"[[6, 1], [6, 3], [4, 3]]",MOVE SLOW RIGHT,"[[6, 2], [5, 3], [3, 3]]","[-1.0, 0.0, 0.0]",False,"[[2, 2], [2, 5], [4, 1]]"
"[[6, 2], [5, 3], [3, 3]]",MOVE FAST FORWARD,"[[4, 2], [5, 3], [3, 2]]","[-1.0, 0.0, 0.0]",False,"[[2, 2], [2, 5], [4, 1]]"
"[[4, 2], [5, 3], [3, 2]]",MOVE FAST FORWARD,"[[2, 2], [5, 3], [3, 1]]","[-1.0, -10.0, -3.0]",False,"[[2, 2], [2, 5], [4, 1]]"
"[[2, 2], [5, 3], [3, 1]]",MOVE FAST RIGHT,"[[2, 4], [4, 3], [3, 0]]","[-1.0, 0.0, 0.0]",False,"[[2, 2], [2, 5], [4, 1]]"
"[[2, 4], [4, 3], [3, 0]]",MOVE FAST RIGHT,"[[2, 6], [4, 0], [3, 3]]","[14.0, -10.0, 0.0]",True,"[[2, 2], [2, 5], [4, 1]]"
"[[6, 1], [6, 3], [4, 3]]",MOVE SLOW RIGHT,"[[6, 2], [5, 3], [3, 3]]","[-1.0, 0.0, 0.0]",False,"[[2, 2], [2, 5], [4, 1]]"
"[[6, 2], [5, 3], [3, 3]]",MOVE FAST FORWARD,"[[4, 2], [5, 3], [2, 3]]","[-1.0, 0.0, 0.0]",False,"[[2, 2], [2, 5], [4, 1]]"
"[[4, 2], [5, 3], [2, 3]]",MOVE FAST FORWARD,"[[2, 2], [5, 3], [1, 3]]","[-1.0, -10.0, 0.0]",False,"[[2, 2], [2, 5], [4, 1]]"
"[[2, 2], [5, 3], [1, 3]]",MOVE FAST RIGHT,"[[2, 4], [4, 3], [0, 3]]","[-1.0, 0.0, 0.0]",False,"[[2, 2], [2, 5], [4, 1]]"
"[[2, 4], [4, 3], [0, 3]]",MOVE FAST RIGHT,"[[2, 6], [3, 3], [0, 2]]","[14.0, -10.0, 0.0]",True,"[[2, 2], [2, 5], [4, 1]]"
"[[6, 1], [6, 3], [4, 3]]",MOVE SLOW RIGHT,"[[6, 2], [5, 3], [3, 3]]","[-1.0, 0.0, 0.0]",False,"[[2, 2], [2, 5], [4, 1]]"
"[[6, 2], [5, 3], [3, 3]]",MOVE FAST FORWARD,"[[4, 2], [5, 3], [2, 3]]","[-1.0, 0.0, 0.0]",False,"[[2, 2], [2, 5], [4, 1]]"
"[[4, 2], [5, 3], [2, 3]]",MOVE FAST FORWARD,"[[2, 2], [4, 3], [1, 3]]","[-1.0, -10.0, 0.0]",False,"[[2, 2], [2, 5], [4, 1]]"
"[[2, 2], [4, 3], [1, 3]]",MOVE FAST RIGHT,"[[2, 4], [3, 3], [0, 3]]","[-1.0, 0.0, 0.0]",False,"[[2, 2], [2, 5], [4, 1]]"
"[[2, 4], [3, 3], [0, 3]]",MOVE FAST RIGHT,"[[2, 6], [3, 3], [0, 2]]","[14.0, -10.0, 0.0]",True,"[[2, 2], [2, 5], [4, 1]]"
"[[6, 1], [6, 3], [4, 3]]",MOVE SLOW RIGHT,"[[6, 2], [5, 3], [3, 3]]","[-1.0, 0.0, 0.0]",False,"[[2, 2], [2, 5], [4, 1]]"
"[[6, 2], [5, 3], [3, 3]]",MOVE FAST FORWARD,"[[4, 2], [5, 3], [3, 2]]","[-1.0, 0.0, 0.0]",False,"[[2, 2], [2, 5], [4, 1]]"
"[[4, 2], [5, 3], [3, 2]]",MOVE FAST FORWARD,"[[2, 2], [5, 3], [3, 1]]","[-1.0, -10.0, -3.0]",False,"[[2, 2], [2, 5], [4, 1]]"
"[[2, 2], [5, 3], [3, 1]]",MOVE FAST RIGHT,"[[2, 4], [5, 3], [3, 0]]","[-1.0, 0.0, 0.0]",False,"[[2, 2], [2, 5], [4, 1]]"
"[[2, 4], [5, 3], [3, 0]]",MOVE FAST RIGHT,"[[2, 6], [4, 3], [4, 0]]","[14.0, -10.0, 0.0]",True,"[[2, 2], [2, 5], [4, 1]]"
"[[6, 1], [6, 3], [4, 3]]",MOVE SLOW RIGHT,"[[6, 2], [5, 3], [3, 3]]","[-1.0, 0.0, 0.0]",False,"[[2, 2], [2, 5], [4, 1]]"
"[[6, 2], [5, 3], [3, 3]]",MOVE FAST FORWARD,"[[4, 2], [4, 3], [3, 3]]","[-1.0, 0.0, 0.0]",False,"[[2, 2], [2, 5], [4, 1]]"
"[[4, 2], [4, 3], [3, 3]]",MOVE FAST FORWARD,"[[2, 2], [3, 3], [3, 3]]","[-1.0, -10.0, 0.0]",False,"[[2, 2], [2, 5], [4, 1]]"
"[[2, 2], [3, 3], [3, 3]]",MOVE FAST RIGHT,"[[2, 4], [3, 2], [3, 2]]","[-1.0, 0.0, 0.0]",False,"[[2, 2], [2, 5], [4, 1]]"
"[[2, 4], [3, 2], [3, 2]]",MOVE FAST RIGHT,"[[2, 6], [3, 1], [3, 1]]","[14.0, -10.0, 0.0]",True,"[[2, 2], [2, 5], [4, 1]]"
"[[6, 1], [6, 3], [4, 3]]",MOVE SLOW RIGHT,"[[6, 2], [5, 3], [3, 3]]","[-1.0, 0.0, 0.0]",False,"[[2, 2], [2, 5], [4, 1]]"
"[[6, 2], [5, 3], [3, 3]]",MOVE FAST FORWARD,"[[4, 2], [5, 3], [3, 3]]","[-1.0, 0.0, 0.0]",False,"[[2, 2], [2, 5], [4, 1]]"
"[[4, 2], [5, 3], [3, 3]]",MOVE FAST FORWARD,"[[2, 2], [5, 3], [3, 3]]","[-1.0, -10.0, 0.0]",False,"[[2, 2], [2, 5], [4, 1]]"
"[[2, 2], [5, 3], [3, 3]]",MOVE FAST RIGHT,"[[2, 4], [7, 4], [5, 3]]","[-1.0, 0.0, -10.0]",False,"[[2, 2], [2, 5], [4, 1]]"
"[[2, 4], [7, 4], [5, 3]]",MOVE FAST RIGHT,"[[2, 6], [7, 4], [5, 3]]","[14.0, -10.0, 0.0]",True,"[[2, 2], [2, 5], [4, 1]]"
"[[6, 1], [6, 3], [4, 3]]",MOVE SLOW RIGHT,"[[6, 2], [5, 3], [3, 3]]","[-1.0, 0.0, 0.0]",False,"[[2, 2], [2, 5], [4, 1]]"
"[[6, 2], [5, 3], [3, 3]]",MOVE FAST FORWARD,"[[4, 2], [4, 3], [3, 2]]","[-1.0, 0.0, 0.0]",False,"[[2, 2], [2, 5], [4, 1]]"
"[[4, 2], [4, 3], [3, 2]]",MOVE FAST FORWARD,"[[2, 2], [3, 3], [3, 1]]","[-1.0, -10.0, -3.0]",False,"[[2, 2], [2, 5], [4, 1]]"
"[[2, 2], [3, 3], [3, 1]]",MOVE FAST RIGHT,"[[2, 4], [3, 3], [3, 0]]","[-1.0, 0.0, 0.0]",False,"[[2, 2], [2, 5], [4, 1]]"
"[[2, 4], [3, 3], [3, 0]]",MOVE FAST RIGHT,"[[2, 6], [4, 0], [3, 3]]","[14.0, -10.0, 0.0]",True,"[[2, 2], [2, 5], [4, 1]]"
